{
	"partitions" : [
		{
			"name" : "Top",
			"pins" : [
				{
					"name" : "P[0]",
					"strict" : false
				},
				{
					"name" : "P[1]",
					"strict" : false
				},
				{
					"name" : "P[2]",
					"strict" : false
				},
				{
					"name" : "P[3]",
					"strict" : false
				},
				{
					"name" : "P[4]",
					"strict" : false
				},
				{
					"name" : "P[5]",
					"strict" : false
				},
				{
					"name" : "P[6]",
					"strict" : false
				},
				{
					"name" : "P[7]",
					"strict" : false
				},
				{
					"name" : "A[0]",
					"strict" : false
				},
				{
					"name" : "A[1]",
					"strict" : false
				},
				{
					"name" : "A[2]",
					"strict" : false
				},
				{
					"name" : "A[3]",
					"strict" : false
				},
				{
					"name" : "B[0]",
					"strict" : false
				},
				{
					"name" : "B[1]",
					"strict" : false
				},
				{
					"name" : "B[2]",
					"strict" : false
				},
				{
					"name" : "B[3]",
					"strict" : false
				},
				{
					"name" : "b0",
					"strict" : false
				},
				{
					"name" : "done",
					"strict" : false
				},
				{
					"name" : "P6",
					"strict" : false
				},
				{
					"name" : "P1",
					"strict" : false
				},
				{
					"name" : "P3",
					"strict" : false
				},
				{
					"name" : "P4",
					"strict" : false
				},
				{
					"name" : "clk",
					"strict" : false
				},
				{
					"name" : "rst",
					"strict" : false
				},
				{
					"name" : "Ain[0]",
					"strict" : false
				},
				{
					"name" : "Ain[1]",
					"strict" : false
				},
				{
					"name" : "Ain[2]",
					"strict" : false
				},
				{
					"name" : "Ain[3]",
					"strict" : false
				},
				{
					"name" : "Bin[0]",
					"strict" : false
				},
				{
					"name" : "Bin[1]",
					"strict" : false
				},
				{
					"name" : "Bin[2]",
					"strict" : false
				},
				{
					"name" : "Bin[3]",
					"strict" : false
				}
			]
		}
	]
}