{
	"partitions" : [
		{
			"name" : "Top",
			"pins" : [
				{
					"name" : "done",
					"strict" : false
				},
				{
					"name" : "P[0]",
					"strict" : false
				},
				{
					"name" : "P[1]",
					"strict" : false
				},
				{
					"name" : "P[2]",
					"strict" : false
				},
				{
					"name" : "P[3]",
					"strict" : false
				},
				{
					"name" : "P[4]",
					"strict" : false
				},
				{
					"name" : "P[5]",
					"strict" : false
				},
				{
					"name" : "P[6]",
					"strict" : false
				},
				{
					"name" : "P[7]",
					"strict" : false
				},
				{
					"name" : "rst",
					"strict" : false
				},
				{
					"name" : "Bin[0]",
					"strict" : false
				},
				{
					"name" : "clk0",
					"strict" : false
				},
				{
					"name" : "Bin[1]",
					"strict" : false
				},
				{
					"name" : "Ain[0]",
					"strict" : false
				},
				{
					"name" : "Ain[1]",
					"strict" : false
				},
				{
					"name" : "Ain[2]",
					"strict" : false
				},
				{
					"name" : "Ain[3]",
					"strict" : false
				},
				{
					"name" : "Bin[2]",
					"strict" : false
				},
				{
					"name" : "Bin[3]",
					"strict" : false
				}
			]
		}
	]
}