{
	"partitions" : [
		{
			"name" : "Top",
			"pins" : [
				{
					"name" : "P1",
					"strict" : false
				},
				{
					"name" : "P2",
					"strict" : false
				},
				{
					"name" : "P3",
					"strict" : false
				},
				{
					"name" : "P4",
					"strict" : false
				},
				{
					"name" : "P6",
					"strict" : false
				},
				{
					"name" : "P5[0]",
					"strict" : false
				},
				{
					"name" : "P5[1]",
					"strict" : false
				},
				{
					"name" : "clk",
					"strict" : false
				},
				{
					"name" : "rst",
					"strict" : false
				},
				{
					"name" : "b0",
					"strict" : false
				}
			]
		}
	]
}