{
	"partitions" : [
		{
			"name" : "Top",
			"pins" : [
				{
					"name" : "cP5",
					"strict" : false
				},
				{
					"name" : "S",
					"strict" : false
				},
				{
					"name" : "R",
					"strict" : false
				},
				{
					"name" : "P1",
					"strict" : false
				},
				{
					"name" : "P3",
					"strict" : false
				},
				{
					"name" : "P4",
					"strict" : false
				},
				{
					"name" : "P5",
					"strict" : false
				},
				{
					"name" : "P6",
					"strict" : false
				},
				{
					"name" : "S0",
					"strict" : false
				},
				{
					"name" : "S1",
					"strict" : false
				},
				{
					"name" : "S2",
					"strict" : false
				},
				{
					"name" : "S3",
					"strict" : false
				},
				{
					"name" : "S4",
					"strict" : false
				},
				{
					"name" : "S5",
					"strict" : false
				},
				{
					"name" : "S6",
					"strict" : false
				},
				{
					"name" : "T1",
					"strict" : false
				},
				{
					"name" : "T2",
					"strict" : false
				},
				{
					"name" : "T3",
					"strict" : false
				},
				{
					"name" : "T4",
					"strict" : false
				},
				{
					"name" : "T5",
					"strict" : false
				},
				{
					"name" : "T6",
					"strict" : false
				},
				{
					"name" : "T7",
					"strict" : false
				},
				{
					"name" : "T8",
					"strict" : false
				},
				{
					"name" : "T9",
					"strict" : false
				},
				{
					"name" : "T10",
					"strict" : false
				},
				{
					"name" : "T11",
					"strict" : false
				},
				{
					"name" : "T12",
					"strict" : false
				},
				{
					"name" : "T13",
					"strict" : false
				},
				{
					"name" : "T14",
					"strict" : false
				},
				{
					"name" : "T15",
					"strict" : false
				},
				{
					"name" : "T16",
					"strict" : false
				},
				{
					"name" : "T17",
					"strict" : false
				},
				{
					"name" : "T18",
					"strict" : false
				},
				{
					"name" : "cntP5[0]",
					"strict" : false
				},
				{
					"name" : "cntP5[1]",
					"strict" : false
				},
				{
					"name" : "OK",
					"strict" : false
				},
				{
					"name" : "clk",
					"strict" : false
				},
				{
					"name" : "rst",
					"strict" : false
				},
				{
					"name" : "C",
					"strict" : false
				},
				{
					"name" : "M",
					"strict" : false
				},
				{
					"name" : "MD",
					"strict" : false
				},
				{
					"name" : "D",
					"strict" : false
				},
				{
					"name" : "b0",
					"strict" : false
				},
				{
					"name" : "Q",
					"strict" : false
				},
				{
					"name" : "CM",
					"strict" : false
				}
			]
		}
	]
}