{
	"partitions" : [
		{
			"name" : "Top",
			"pins" : [
				{
					"name" : "seg1[0]",
					"strict" : false
				},
				{
					"name" : "seg1[1]",
					"strict" : false
				},
				{
					"name" : "seg1[2]",
					"strict" : false
				},
				{
					"name" : "seg1[3]",
					"strict" : false
				},
				{
					"name" : "seg1[4]",
					"strict" : false
				},
				{
					"name" : "seg1[5]",
					"strict" : false
				},
				{
					"name" : "seg1[6]",
					"strict" : false
				},
				{
					"name" : "seg2[0]",
					"strict" : false
				},
				{
					"name" : "seg2[1]",
					"strict" : false
				},
				{
					"name" : "seg2[2]",
					"strict" : false
				},
				{
					"name" : "seg2[3]",
					"strict" : false
				},
				{
					"name" : "seg2[4]",
					"strict" : false
				},
				{
					"name" : "seg2[5]",
					"strict" : false
				},
				{
					"name" : "seg2[6]",
					"strict" : false
				},
				{
					"name" : "seg3[0]",
					"strict" : false
				},
				{
					"name" : "seg3[1]",
					"strict" : false
				},
				{
					"name" : "seg3[2]",
					"strict" : false
				},
				{
					"name" : "seg3[3]",
					"strict" : false
				},
				{
					"name" : "seg3[4]",
					"strict" : false
				},
				{
					"name" : "seg3[5]",
					"strict" : false
				},
				{
					"name" : "seg3[6]",
					"strict" : false
				},
				{
					"name" : "seg4[0]",
					"strict" : false
				},
				{
					"name" : "seg4[1]",
					"strict" : false
				},
				{
					"name" : "seg4[2]",
					"strict" : false
				},
				{
					"name" : "seg4[3]",
					"strict" : false
				},
				{
					"name" : "seg4[4]",
					"strict" : false
				},
				{
					"name" : "seg4[5]",
					"strict" : false
				},
				{
					"name" : "seg4[6]",
					"strict" : false
				},
				{
					"name" : "CM",
					"strict" : false
				},
				{
					"name" : "Q",
					"strict" : false
				},
				{
					"name" : "M",
					"strict" : false
				},
				{
					"name" : "D",
					"strict" : false
				},
				{
					"name" : "S",
					"strict" : false
				},
				{
					"name" : "R",
					"strict" : false
				},
				{
					"name" : "OK",
					"strict" : false
				},
				{
					"name" : "rst",
					"strict" : false
				},
				{
					"name" : "Button1",
					"strict" : false
				},
				{
					"name" : "Button2",
					"strict" : false
				},
				{
					"name" : "C",
					"strict" : false
				},
				{
					"name" : "qty_in[0]",
					"strict" : false
				},
				{
					"name" : "qty_in[1]",
					"strict" : false
				},
				{
					"name" : "qty_in[2]",
					"strict" : false
				},
				{
					"name" : "qty_in[3]",
					"strict" : false
				},
				{
					"name" : "clk",
					"strict" : false
				},
				{
					"name" : "CL_Price[0]",
					"strict" : false
				},
				{
					"name" : "BW_Price[0]",
					"strict" : false
				},
				{
					"name" : "CL_Price[1]",
					"strict" : false
				},
				{
					"name" : "BW_Price[1]",
					"strict" : false
				}
			]
		}
	]
}