{
	"partitions" : [
		{
			"name" : "Top",
			"pins" : [
				{
					"name" : "P1[0]",
					"strict" : false
				},
				{
					"name" : "P2[0]",
					"strict" : false
				},
				{
					"name" : "P3[0]",
					"strict" : false
				},
				{
					"name" : "P4[0]",
					"strict" : false
				},
				{
					"name" : "P5[0]",
					"strict" : false
				},
				{
					"name" : "P5[1]",
					"strict" : false
				},
				{
					"name" : "P6[0]",
					"strict" : false
				},
				{
					"name" : "out_b0[0]",
					"strict" : false
				},
				{
					"name" : "PF_Clk",
					"strict" : false
				},
				{
					"name" : "b0",
					"strict" : false
				},
				{
					"name" : "PF_Rst",
					"strict" : false
				},
				{
					"name" : "PF_Enb",
					"strict" : false
				}
			]
		}
	]
}