{
	"partitions" : [
		{
			"name" : "Top",
			"pins" : [
				{
					"name" : "P1",
					"strict" : false
				},
				{
					"name" : "P2",
					"strict" : false
				},
				{
					"name" : "P3",
					"strict" : false
				},
				{
					"name" : "P4",
					"strict" : false
				},
				{
					"name" : "P6",
					"strict" : false
				},
				{
					"name" : "S0",
					"strict" : false
				},
				{
					"name" : "S1",
					"strict" : false
				},
				{
					"name" : "S2",
					"strict" : false
				},
				{
					"name" : "S3",
					"strict" : false
				},
				{
					"name" : "S4",
					"strict" : false
				},
				{
					"name" : "S5",
					"strict" : false
				},
				{
					"name" : "S6",
					"strict" : false
				},
				{
					"name" : "MD",
					"strict" : false
				},
				{
					"name" : "b0",
					"strict" : false
				},
				{
					"name" : "T1",
					"strict" : false
				},
				{
					"name" : "T2",
					"strict" : false
				},
				{
					"name" : "T3",
					"strict" : false
				},
				{
					"name" : "T4",
					"strict" : false
				},
				{
					"name" : "T5",
					"strict" : false
				},
				{
					"name" : "T6",
					"strict" : false
				},
				{
					"name" : "T7",
					"strict" : false
				},
				{
					"name" : "T8",
					"strict" : false
				},
				{
					"name" : "T9",
					"strict" : false
				},
				{
					"name" : "T10",
					"strict" : false
				},
				{
					"name" : "T11",
					"strict" : false
				},
				{
					"name" : "T12",
					"strict" : false
				},
				{
					"name" : "T13",
					"strict" : false
				},
				{
					"name" : "T14",
					"strict" : false
				},
				{
					"name" : "T15",
					"strict" : false
				},
				{
					"name" : "T16",
					"strict" : false
				},
				{
					"name" : "T17",
					"strict" : false
				},
				{
					"name" : "T18",
					"strict" : false
				},
				{
					"name" : "P5[0]",
					"strict" : false
				},
				{
					"name" : "P5[1]",
					"strict" : false
				},
				{
					"name" : "P[0]",
					"strict" : false
				},
				{
					"name" : "P[1]",
					"strict" : false
				},
				{
					"name" : "P[2]",
					"strict" : false
				},
				{
					"name" : "P[3]",
					"strict" : false
				},
				{
					"name" : "P[4]",
					"strict" : false
				},
				{
					"name" : "P[5]",
					"strict" : false
				},
				{
					"name" : "P[6]",
					"strict" : false
				},
				{
					"name" : "P[7]",
					"strict" : false
				},
				{
					"name" : "money[0]",
					"strict" : false
				},
				{
					"name" : "money[1]",
					"strict" : false
				},
				{
					"name" : "money[2]",
					"strict" : false
				},
				{
					"name" : "money[3]",
					"strict" : false
				},
				{
					"name" : "money[4]",
					"strict" : false
				},
				{
					"name" : "money[5]",
					"strict" : false
				},
				{
					"name" : "money[6]",
					"strict" : false
				},
				{
					"name" : "money[7]",
					"strict" : false
				},
				{
					"name" : "Return_Money[0]",
					"strict" : false
				},
				{
					"name" : "Return_Money[1]",
					"strict" : false
				},
				{
					"name" : "Return_Money[2]",
					"strict" : false
				},
				{
					"name" : "Return_Money[3]",
					"strict" : false
				},
				{
					"name" : "Return_Money[4]",
					"strict" : false
				},
				{
					"name" : "Return_Money[5]",
					"strict" : false
				},
				{
					"name" : "Return_Money[6]",
					"strict" : false
				},
				{
					"name" : "Return_Money[7]",
					"strict" : false
				},
				{
					"name" : "qty[0]",
					"strict" : false
				},
				{
					"name" : "qty[1]",
					"strict" : false
				},
				{
					"name" : "qty[2]",
					"strict" : false
				},
				{
					"name" : "qty[3]",
					"strict" : false
				},
				{
					"name" : "qty[4]",
					"strict" : false
				},
				{
					"name" : "qty[5]",
					"strict" : false
				},
				{
					"name" : "qty[6]",
					"strict" : false
				},
				{
					"name" : "qty[7]",
					"strict" : false
				},
				{
					"name" : "bin[0]",
					"strict" : false
				},
				{
					"name" : "bin[1]",
					"strict" : false
				},
				{
					"name" : "bin[2]",
					"strict" : false
				},
				{
					"name" : "bin[3]",
					"strict" : false
				},
				{
					"name" : "bin[4]",
					"strict" : false
				},
				{
					"name" : "bin[5]",
					"strict" : false
				},
				{
					"name" : "bin[6]",
					"strict" : false
				},
				{
					"name" : "bin[7]",
					"strict" : false
				},
				{
					"name" : "A[0]",
					"strict" : false
				},
				{
					"name" : "A[1]",
					"strict" : false
				},
				{
					"name" : "A[2]",
					"strict" : false
				},
				{
					"name" : "A[3]",
					"strict" : false
				},
				{
					"name" : "B[0]",
					"strict" : false
				},
				{
					"name" : "B[1]",
					"strict" : false
				},
				{
					"name" : "CM",
					"strict" : false
				},
				{
					"name" : "Q",
					"strict" : false
				},
				{
					"name" : "M",
					"strict" : false
				},
				{
					"name" : "D",
					"strict" : false
				},
				{
					"name" : "S",
					"strict" : false
				},
				{
					"name" : "R",
					"strict" : false
				},
				{
					"name" : "OK",
					"strict" : false
				},
				{
					"name" : "C",
					"strict" : false
				},
				{
					"name" : "clk",
					"strict" : false
				},
				{
					"name" : "rst",
					"strict" : false
				},
				{
					"name" : "CL_Price[0]",
					"strict" : false
				},
				{
					"name" : "BW_Price[0]",
					"strict" : false
				},
				{
					"name" : "Button1",
					"strict" : false
				},
				{
					"name" : "Button2",
					"strict" : false
				},
				{
					"name" : "qty_in[0]",
					"strict" : false
				},
				{
					"name" : "qty_in[1]",
					"strict" : false
				},
				{
					"name" : "qty_in[2]",
					"strict" : false
				},
				{
					"name" : "qty_in[3]",
					"strict" : false
				},
				{
					"name" : "CL_Price[1]",
					"strict" : false
				},
				{
					"name" : "BW_Price[1]",
					"strict" : false
				}
			]
		}
	]
}