{
	"partitions" : [
		{
			"name" : "Top",
			"pins" : [
				{
					"name" : "P1[0]",
					"strict" : false
				},
				{
					"name" : "P1[1]",
					"strict" : false
				},
				{
					"name" : "P1[2]",
					"strict" : false
				},
				{
					"name" : "P1[3]",
					"strict" : false
				},
				{
					"name" : "P1[4]",
					"strict" : false
				},
				{
					"name" : "P1[5]",
					"strict" : false
				},
				{
					"name" : "P1[6]",
					"strict" : false
				},
				{
					"name" : "P1[7]",
					"strict" : false
				},
				{
					"name" : "P2[0]",
					"strict" : false
				},
				{
					"name" : "P2[1]",
					"strict" : false
				},
				{
					"name" : "P2[2]",
					"strict" : false
				},
				{
					"name" : "P2[3]",
					"strict" : false
				},
				{
					"name" : "P2[4]",
					"strict" : false
				},
				{
					"name" : "P2[5]",
					"strict" : false
				},
				{
					"name" : "P2[6]",
					"strict" : false
				},
				{
					"name" : "P2[7]",
					"strict" : false
				},
				{
					"name" : "P3[0]",
					"strict" : false
				},
				{
					"name" : "P3[1]",
					"strict" : false
				},
				{
					"name" : "P3[2]",
					"strict" : false
				},
				{
					"name" : "P3[3]",
					"strict" : false
				},
				{
					"name" : "P3[4]",
					"strict" : false
				},
				{
					"name" : "P3[5]",
					"strict" : false
				},
				{
					"name" : "P3[6]",
					"strict" : false
				},
				{
					"name" : "P3[7]",
					"strict" : false
				},
				{
					"name" : "P4[0]",
					"strict" : false
				},
				{
					"name" : "P4[1]",
					"strict" : false
				},
				{
					"name" : "P4[2]",
					"strict" : false
				},
				{
					"name" : "P4[3]",
					"strict" : false
				},
				{
					"name" : "P4[4]",
					"strict" : false
				},
				{
					"name" : "P4[5]",
					"strict" : false
				},
				{
					"name" : "P4[6]",
					"strict" : false
				},
				{
					"name" : "P4[7]",
					"strict" : false
				},
				{
					"name" : "P5[0]",
					"strict" : false
				},
				{
					"name" : "P5[1]",
					"strict" : false
				},
				{
					"name" : "P5[2]",
					"strict" : false
				},
				{
					"name" : "P5[3]",
					"strict" : false
				},
				{
					"name" : "P5[4]",
					"strict" : false
				},
				{
					"name" : "P5[5]",
					"strict" : false
				},
				{
					"name" : "P5[6]",
					"strict" : false
				},
				{
					"name" : "P5[7]",
					"strict" : false
				},
				{
					"name" : "P6[0]",
					"strict" : false
				},
				{
					"name" : "P6[1]",
					"strict" : false
				},
				{
					"name" : "P6[2]",
					"strict" : false
				},
				{
					"name" : "P6[3]",
					"strict" : false
				},
				{
					"name" : "P6[4]",
					"strict" : false
				},
				{
					"name" : "P6[5]",
					"strict" : false
				},
				{
					"name" : "P6[6]",
					"strict" : false
				},
				{
					"name" : "P6[7]",
					"strict" : false
				},
				{
					"name" : "out_b0[0]",
					"strict" : false
				},
				{
					"name" : "PF_Clk",
					"strict" : false
				},
				{
					"name" : "b0",
					"strict" : false
				},
				{
					"name" : "PF_Rst",
					"strict" : false
				},
				{
					"name" : "PF_Enb",
					"strict" : false
				}
			]
		}
	]
}